[
  {"model": "core.team", "pk": 1, "fields": {"name": "기획팀", "description": "게임 기획 및 메카닉 설계 담당", "created_at": "2024-01-01T00:00:00Z"}},
  {"model": "core.team", "pk": 2, "fields": {"name": "개발팀", "description": "클라이언트/서버 개발 담당", "created_at": "2024-01-01T00:00:00Z"}},
  {"model": "core.team", "pk": 3, "fields": {"name": "아트팀", "description": "그래픽 및 UI/UX 디자인 담당", "created_at": "2024-01-01T00:00:00Z"}},
  {"model": "core.team", "pk": 4, "fields": {"name": "마케팅팀", "description": "UA 및 마케팅 캠페인 담당", "created_at": "2024-01-01T00:00:00Z"}},
  {"model": "core.team", "pk": 5, "fields": {"name": "데이터팀", "description": "지표 분석 및 A/B 테스트 담당", "created_at": "2024-01-01T00:00:00Z"}},

  {"model": "core.game", "pk": 1, "fields": {"name": "Snake Clash!", "genre": "하이퍼캐주얼", "description": "뱀 성장 루프에 배틀로얄 요소를 결합한 멀티플레이어 하이퍼캐주얼 게임. 단순한 조작과 즉각적인 경쟁감이 핵심.", "status": "active", "embedding": null, "created_at": "2024-01-10T00:00:00Z", "updated_at": "2024-01-10T00:00:00Z"}},
  {"model": "core.game", "pk": 2, "fields": {"name": "Dinosaur Universe", "genre": "하이브리드 캐주얼", "description": "공룡 수집 및 배틀 메카닉을 중심으로 한 하이브리드 캐주얼 게임. FTUE 최적화와 장기 리텐션 전략이 핵심.", "status": "active", "embedding": null, "created_at": "2024-01-15T00:00:00Z", "updated_at": "2024-01-15T00:00:00Z"}},

  {"model": "core.mechanic", "pk": 1, "fields": {"name": "뱀 이동 루프", "description": "뱀이 먹이를 먹고 성장하는 핵심 게임플레이 루프. 조작은 스와이프/탭으로 단순화.", "category": "core", "embedding": null, "created_at": "2024-01-10T00:00:00Z"}},
  {"model": "core.mechanic", "pk": 2, "fields": {"name": "배틀로얄 메카닉", "description": "여러 뱀이 동일 맵에서 경쟁, 마지막 생존자 승리. 긴장감 극대화.", "category": "core", "created_at": "2024-01-10T00:00:00Z", "embedding": null}},
  {"model": "core.mechanic", "pk": 3, "fields": {"name": "충돌 시스템", "description": "뱀이 벽이나 다른 뱀의 몸통에 닿으면 죽는 시스템. 전략적 플레이의 핵심.", "category": "core", "created_at": "2024-01-10T00:00:00Z", "embedding": null}},
  {"model": "core.mechanic", "pk": 4, "fields": {"name": "공룡 수집", "description": "다양한 종류의 공룡을 수집하고 업그레이드하는 수집 메카닉.", "category": "collection", "created_at": "2024-01-15T00:00:00Z", "embedding": null}},
  {"model": "core.mechanic", "pk": 5, "fields": {"name": "FTUE (첫 사용자 경험)", "description": "신규 유저가 처음 게임을 접할 때의 튜토리얼 및 온보딩 경험.", "category": "ux", "created_at": "2024-01-15T00:00:00Z", "embedding": null}},
  {"model": "core.mechanic", "pk": 6, "fields": {"name": "배틀 시스템", "description": "공룡들이 전투하는 턴제 배틀 시스템.", "category": "core", "created_at": "2024-01-15T00:00:00Z", "embedding": null}},

  {"model": "core.gamemechanic", "pk": 1, "fields": {"game": 1, "mechanic": 1}},
  {"model": "core.gamemechanic", "pk": 2, "fields": {"game": 1, "mechanic": 2}},
  {"model": "core.gamemechanic", "pk": 3, "fields": {"game": 1, "mechanic": 3}},
  {"model": "core.gamemechanic", "pk": 4, "fields": {"game": 2, "mechanic": 4}},
  {"model": "core.gamemechanic", "pk": 5, "fields": {"game": 2, "mechanic": 5}},
  {"model": "core.gamemechanic", "pk": 6, "fields": {"game": 2, "mechanic": 6}},

  {"model": "core.hypothesis", "pk": 1, "fields": {"content": "조작을 단순화하면 D1 리텐션이 상승할 것이다", "status": "validated", "created_by": "기획팀 바울", "embedding": null, "created_at": "2024-01-12T00:00:00Z"}},
  {"model": "core.hypothesis", "pk": 2, "fields": {"content": "배틀패스 도입 시 DAU와 결제율이 증가할 것이다", "status": "validated", "created_by": "기획팀 솔", "embedding": null, "created_at": "2024-01-20T00:00:00Z"}},
  {"model": "core.hypothesis", "pk": 3, "fields": {"content": "FTUE 시간을 3분에서 1분으로 단축하면 이탈률이 감소할 것이다", "status": "validated", "created_by": "기획팀 바울", "embedding": null, "created_at": "2024-01-18T00:00:00Z"}},
  {"model": "core.hypothesis", "pk": 4, "fields": {"content": "신규 공룡 캐릭터 추가 시 재방문율이 상승할 것이다", "status": "pending", "created_by": "기획팀 솔", "embedding": null, "created_at": "2024-02-01T00:00:00Z"}},

  {"model": "core.mechanichypothesis", "pk": 1, "fields": {"mechanic": 1, "hypothesis": 1}},
  {"model": "core.mechanichypothesis", "pk": 2, "fields": {"mechanic": 2, "hypothesis": 2}},
  {"model": "core.mechanichypothesis", "pk": 3, "fields": {"mechanic": 5, "hypothesis": 3}},
  {"model": "core.mechanichypothesis", "pk": 4, "fields": {"mechanic": 4, "hypothesis": 4}},

  {"model": "core.gamehypothesis", "pk": 1, "fields": {"game": 1, "hypothesis": 1}},
  {"model": "core.gamehypothesis", "pk": 2, "fields": {"game": 1, "hypothesis": 2}},
  {"model": "core.gamehypothesis", "pk": 3, "fields": {"game": 2, "hypothesis": 3}},
  {"model": "core.gamehypothesis", "pk": 4, "fields": {"game": 2, "hypothesis": 4}},

  {"model": "core.result", "pk": 1, "fields": {"description": "D1 리텐션 42% 달성 (업계 평균 35% 대비 +7%)", "metric_value": "42.0000", "metric_type": "D1", "unit": "%", "validated_at": "2024-02-01T00:00:00Z", "embedding": null, "created_at": "2024-02-01T00:00:00Z"}},
  {"model": "core.result", "pk": 2, "fields": {"description": "배틀패스 도입 후 DAU 35% 증가, 결제전환율 2.1% 달성", "metric_value": "35.0000", "metric_type": "DAU_increase", "unit": "%", "validated_at": "2024-03-01T00:00:00Z", "embedding": null, "created_at": "2024-03-01T00:00:00Z"}},
  {"model": "core.result", "pk": 3, "fields": {"description": "FTUE 1분 버전에서 초기 이탈률 18% 감소", "metric_value": "18.0000", "metric_type": "churn_reduction", "unit": "%", "validated_at": "2024-02-15T00:00:00Z", "embedding": null, "created_at": "2024-02-15T00:00:00Z"}},

  {"model": "core.hypothesisresult", "pk": 1, "fields": {"hypothesis": 1, "result": 1}},
  {"model": "core.hypothesisresult", "pk": 2, "fields": {"hypothesis": 2, "result": 2}},
  {"model": "core.hypothesisresult", "pk": 3, "fields": {"hypothesis": 3, "result": 3}},

  {"model": "core.metric", "pk": 1, "fields": {"name": "D1 리텐션", "value": "42.0000", "unit": "%", "metric_type": "D1", "period_start": "2024-01-01", "period_end": "2024-01-31", "embedding": null, "created_at": "2024-02-01T00:00:00Z"}},
  {"model": "core.metric", "pk": 2, "fields": {"name": "D7 리텐션", "value": "18.0000", "unit": "%", "metric_type": "D7", "period_start": "2024-01-01", "period_end": "2024-01-31", "embedding": null, "created_at": "2024-02-01T00:00:00Z"}},
  {"model": "core.metric", "pk": 3, "fields": {"name": "DAU", "value": "12000.0000", "unit": "명", "metric_type": "DAU", "period_start": "2024-01-15", "period_end": "2024-01-15", "embedding": null, "created_at": "2024-02-01T00:00:00Z"}},
  {"model": "core.metric", "pk": 4, "fields": {"name": "ARPU", "value": "0.4500", "unit": "$", "metric_type": "ARPU", "period_start": "2024-01-01", "period_end": "2024-01-31", "embedding": null, "created_at": "2024-02-01T00:00:00Z"}},
  {"model": "core.metric", "pk": 5, "fields": {"name": "D1 리텐션", "value": "38.0000", "unit": "%", "metric_type": "D1", "period_start": "2024-01-01", "period_end": "2024-01-31", "embedding": null, "created_at": "2024-02-01T00:00:00Z"}},
  {"model": "core.metric", "pk": 6, "fields": {"name": "D7 리텐션", "value": "22.0000", "unit": "%", "metric_type": "D7", "period_start": "2024-01-01", "period_end": "2024-01-31", "embedding": null, "created_at": "2024-02-01T00:00:00Z"}},
  {"model": "core.metric", "pk": 7, "fields": {"name": "DAU", "value": "8000.0000", "unit": "명", "metric_type": "DAU", "period_start": "2024-01-15", "period_end": "2024-01-15", "embedding": null, "created_at": "2024-02-01T00:00:00Z"}},

  {"model": "core.gamemetric", "pk": 1, "fields": {"game": 1, "metric": 1}},
  {"model": "core.gamemetric", "pk": 2, "fields": {"game": 1, "metric": 2}},
  {"model": "core.gamemetric", "pk": 3, "fields": {"game": 1, "metric": 3}},
  {"model": "core.gamemetric", "pk": 4, "fields": {"game": 1, "metric": 4}},
  {"model": "core.gamemetric", "pk": 5, "fields": {"game": 2, "metric": 5}},
  {"model": "core.gamemetric", "pk": 6, "fields": {"game": 2, "metric": 6}},
  {"model": "core.gamemetric", "pk": 7, "fields": {"game": 2, "metric": 7}},

  {"model": "core.campaign", "pk": 1, "fields": {"name": "Snake Q1 2024 Meta UA", "channel": "Meta", "budget_usd": "5000.00", "cpi": "0.8000", "roas": "3.2000", "ctr": "0.045000", "start_date": "2024-01-01", "end_date": "2024-03-31", "embedding": null, "created_at": "2024-04-01T00:00:00Z"}},
  {"model": "core.campaign", "pk": 2, "fields": {"name": "Snake TikTok 테스트", "channel": "TikTok", "budget_usd": "1000.00", "cpi": "1.2000", "roas": "2.1000", "ctr": "0.062000", "start_date": "2024-02-01", "end_date": "2024-02-28", "embedding": null, "created_at": "2024-03-01T00:00:00Z"}},
  {"model": "core.campaign", "pk": 3, "fields": {"name": "Dino Google UAC Q1", "channel": "Google", "budget_usd": "3000.00", "cpi": "1.1000", "roas": "2.8000", "ctr": "0.038000", "start_date": "2024-01-01", "end_date": "2024-03-31", "embedding": null, "created_at": "2024-04-01T00:00:00Z"}},

  {"model": "core.gamecampaign", "pk": 1, "fields": {"game": 1, "campaign": 1}},
  {"model": "core.gamecampaign", "pk": 2, "fields": {"game": 1, "campaign": 2}},
  {"model": "core.gamecampaign", "pk": 3, "fields": {"game": 2, "campaign": 3}},

  {"model": "core.competitorgame", "pk": 1, "fields": {"name": "Snake.io", "developer": "Amelos Interactive", "genre": "하이퍼캐주얼", "mechanic_summary": "뱀 성장 루프, 다른 플레이어와 충돌", "strength": "단순한 조작, 즉각적인 경쟁감", "weakness": "깊이 있는 콘텐츠 부재, 장기 리텐션 낮음", "monetization": "광고 위주", "embedding": null, "created_at": "2024-01-20T00:00:00Z"}},
  {"model": "core.competitorgame", "pk": 2, "fields": {"name": "Slither.io", "developer": "Lowtech Studios", "genre": "하이퍼캐주얼", "mechanic_summary": "먹이 수집으로 뱀 성장, 타 플레이어 충돌로 제거", "strength": "단순 조작, 멀티플레이어 경험", "weakness": "배틀로얄 요소 없음, 단조로운 게임플레이", "monetization": "광고 + 인앱결제", "embedding": null, "created_at": "2024-01-20T00:00:00Z"}},
  {"model": "core.competitorgame", "pk": 3, "fields": {"name": "AFK Arena", "developer": "Lilith Games", "genre": "하이브리드 캐주얼", "mechanic_summary": "영웅 수집, AFK 방치형 전투", "strength": "풍부한 콘텐츠, 장기 리텐션", "weakness": "높은 진입장벽, 복잡한 시스템", "monetization": "가챠 + 배틀패스", "embedding": null, "created_at": "2024-01-25T00:00:00Z"}},

  {"model": "core.gamecompetitor", "pk": 1, "fields": {"game": 1, "competitor": 1}},
  {"model": "core.gamecompetitor", "pk": 2, "fields": {"game": 1, "competitor": 2}},
  {"model": "core.gamecompetitor", "pk": 3, "fields": {"game": 2, "competitor": 3}},

  {"model": "core.liveopsEvent", "pk": 1, "fields": {"name": "배틀패스 시즌 1 출시", "event_type": "season", "start_date": "2024-03-01", "end_date": "2024-03-31", "result_summary": "배틀패스 구매전환율 2.1%, DAU 35% 상승. 이벤트 기간 매출 200% 증가.", "embedding": null, "created_at": "2024-04-01T00:00:00Z"}},
  {"model": "core.liveopsEvent", "pk": 2, "fields": {"name": "공룡 이벤트 챌린지", "event_type": "event", "start_date": "2024-02-14", "end_date": "2024-02-21", "result_summary": "DAU 15% 임시 상승, 재방문율 8% 개선. 이벤트 이후 지속 효과는 미미.", "embedding": null, "created_at": "2024-03-01T00:00:00Z"}},

  {"model": "core.gameliveops", "pk": 1, "fields": {"game": 1, "live_ops_event": 1}},
  {"model": "core.gameliveops", "pk": 2, "fields": {"game": 2, "live_ops_event": 2}},

  {"model": "core.meeting", "pk": 1, "fields": {"title": "Snake Clash! 초기 기획 회의", "date": "2024-01-10", "domain": "기획", "transcript": "오늘 Snake Clash! 초기 기획 회의를 진행했습니다. 기획팀 바울 리드 주도 하에 뱀 이동 메카닉의 조작 단순화 방향을 논의했습니다. 조작을 스와이프로 단순화하면 D1 리텐션이 올라갈 것이라는 가설을 세웠습니다. 개발팀은 배틀로얄 요소 추가 가능성을 검토하겠다고 했습니다.", "summary": "뱀 이동 메카닉 조작 단순화 결정, 배틀로얄 요소 추가 검토", "audio_file": "", "embedding": null, "created_at": "2024-01-10T00:00:00Z"}},
  {"model": "core.meeting", "pk": 2, "fields": {"title": "Snake Clash! 라이브옵스 논의", "date": "2024-03-01", "domain": "라이브옵스", "transcript": "배틀패스 도입에 대한 논의가 있었습니다. 기획팀 솔이 배틀패스 가격을 $2.99로 제안했고, 데이터팀 네이선이 A/B 테스트 결과를 공유했습니다. $2.99 vs $4.99 비교에서 $2.99가 구매전환율이 두 배 높았습니다. 마케팅팀은 Meta 캠페인 CPI $0.8 달성을 보고했습니다.", "summary": "배틀패스 $2.99 결정, Meta 캠페인 CPI $0.8 달성", "audio_file": "", "embedding": null, "created_at": "2024-03-01T00:00:00Z"}},
  {"model": "core.meeting", "pk": 3, "fields": {"title": "Dinosaur Universe FTUE 개선 회의", "date": "2024-01-18", "domain": "기획", "transcript": "Dinosaur Universe의 FTUE가 너무 길다는 피드백이 있었습니다. 현재 3분짜리 FTUE를 1분으로 단축하는 실험을 제안했습니다. 기획팀 바울이 이를 가설로 정식 등록했고, 데이터팀 네이선이 A/B 테스트를 설계하기로 했습니다.", "summary": "FTUE 단축 가설 수립, A/B 테스트 설계 예정", "audio_file": "", "embedding": null, "created_at": "2024-01-18T00:00:00Z"}},

  {"model": "core.meetinggame", "pk": 1, "fields": {"meeting": 1, "game": 1}},
  {"model": "core.meetinggame", "pk": 2, "fields": {"meeting": 2, "game": 1}},
  {"model": "core.meetinggame", "pk": 3, "fields": {"meeting": 3, "game": 2}},

  {"model": "core.teamgame", "pk": 1, "fields": {"team": 1, "game": 1, "role": "기획"}},
  {"model": "core.teamgame", "pk": 2, "fields": {"team": 2, "game": 1, "role": "개발"}},
  {"model": "core.teamgame", "pk": 3, "fields": {"team": 4, "game": 1, "role": "마케팅"}},
  {"model": "core.teamgame", "pk": 4, "fields": {"team": 5, "game": 1, "role": "데이터"}},
  {"model": "core.teamgame", "pk": 5, "fields": {"team": 1, "game": 2, "role": "기획"}},
  {"model": "core.teamgame", "pk": 6, "fields": {"team": 3, "game": 2, "role": "아트"}},
  {"model": "core.teamgame", "pk": 7, "fields": {"team": 5, "game": 2, "role": "데이터"}},

  {"model": "core.teammeeting", "pk": 1, "fields": {"team": 1, "meeting": 1}},
  {"model": "core.teammeeting", "pk": 2, "fields": {"team": 2, "meeting": 1}},
  {"model": "core.teammeeting", "pk": 3, "fields": {"team": 1, "meeting": 2}},
  {"model": "core.teammeeting", "pk": 4, "fields": {"team": 4, "meeting": 2}},
  {"model": "core.teammeeting", "pk": 5, "fields": {"team": 5, "meeting": 2}},
  {"model": "core.teammeeting", "pk": 6, "fields": {"team": 1, "meeting": 3}},
  {"model": "core.teammeeting", "pk": 7, "fields": {"team": 5, "meeting": 3}},

  {"model": "core.abtest", "pk": 1, "fields": {"name": "FTUE 길이 A/B 테스트", "control_description": "기존 FTUE (3분)", "variant_description": "단축 FTUE (1분)", "metric": "D1", "control_value": "38.0000", "variant_value": "45.0000", "confidence": "0.9500", "result": "variant_win", "hypothesis": 3, "embedding": null, "created_at": "2024-02-10T00:00:00Z"}},
  {"model": "core.abtest", "pk": 2, "fields": {"name": "배틀패스 가격 A/B 테스트", "control_description": "$4.99", "variant_description": "$2.99", "metric": "구매전환율", "control_value": "0.0200", "variant_value": "0.0400", "confidence": "0.9000", "result": "variant_win", "hypothesis": 2, "embedding": null, "created_at": "2024-02-20T00:00:00Z"}},

  {"model": "core.gameabtest", "pk": 1, "fields": {"game": 2, "ab_test": 1}},
  {"model": "core.gameabtest", "pk": 2, "fields": {"game": 1, "ab_test": 2}}
]
